institution,city,country_hint,source
tapall.ai,us,,web:tapall.ai
SalesForce.com,dir,,web:salesforce.com
Secondmind.ai,us,,web:secondmind.ai
Udaan.com♦,ing the working,,web:udaan.com
vahan.co,form,,web:vahan.co
Aqxle.ai,item,,web:aqxle.ai
SynthLabs.ai,es this data,,web:synthlabs.ai
linguisticbits.de,us,,web:linguisticbits.de
Learno.ai,us,,web:learno.ai
isee.ai,form-home,,web:isee.ai
layer6.ai,these limitations,,web:layer6.ai
booking.com,Country,,web:booking.com
Salesforce.com,dir,,web:salesforce.com
Kumo.AI,Sales,,web:kumo.ai
Together.ai,sales,,web:together.ai
Valeo.ai,Push,,web:valeo.ai
Workera.ai,Us,,web:workera.ai
AImpower.org,wrapper,,web:aimpower.org
together.ai,sales,,web:together.ai
Ontocord.AI,Format,,web:ontocord.ai
Covariant.ai,the change and,,web:covariant.ai
covariant.ai,the change and,,web:covariant.ai
Qure.ai,us,,web:qure.ai
valeo.ai,Push,,web:valeo.ai
for.ai,sales,,web:for.ai
Lum.AI,book,,web:lum.ai
MathSci.ai,the San Francisco,,web:mathsci.ai
Autowise.AI,form-,,web:autowise.ai
kuaishou.com,at,,web:kuaishou.com
Cyclope.ai,contact-form-js,,web:cyclope.ai
Smallest.ai,Centers,,web:smallest.ai
Kata.ai Research,Point,,web:kata.ai
Yellow.ai,center solutions like,,web:yellow.ai
Denser.ai,Sales,,web:denser.ai
Samaya.ai,Point,,web:samaya.ai
Orby.ai,us,,web:orby.ai
Amazon.com Inc,api-services-support,,web:amazon.com
Skit.ai,form-,,web:skit.ai
Funix.io,so,,web:funix.io
imean.ai,us,,web:imean.ai
Bardeen.ai,points,,web:bardeen.ai
Netmind.AI,us',,web:netmind.ai
kannadaacademy.com,us-section,,web:kannadaacademy.com
Faire.com,SchemaMap,,web:faire.com
Kumo.ai,Sales,,web:kumo.ai
cohere.ai,sales,,web:cohere.ai
Verloop.io,us,,web:verloop.io
lli9@apple.com,apple,,web:apple.com
Logically.ai,of the federal,,web:logically.ai
Unlearn.ai,us,,web:unlearn.ai
Cohere.ai,sales,,web:cohere.ai
FAR.AI,Us,,web:far.ai
01.AI,info-column,,web:01.ai
KUNGFU.AI,Us page,,web:kungfu.ai
Arya.ai,us,,web:arya.ai
isize.co,us,,web:isize.co
FaceSoft.io,EmailEnabled,,web:facesoft.io
five.ai,w-nav-link,,web:five.ai
OMNIOUS.AI,Us,,web:omnious.ai
NetMind.AI,us',,web:netmind.ai
GSK.ai,UsText,,web:gsk.ai
dRISK.ai,ed dRISK to,,web:drisk.ai
Synthesia.io,Point,,web:synthesia.io
IN.AI Research,hr,,web:in.ai
Bytedance.com,Us,,web:bytedance.com
ISEE.AI,form-home,,web:isee.ai
3Dwe.ai,Munich,,web:3dwe.ai
Eyecan.ai,Bologna,IT,web:eyecan.ai
Blackshark.ai,us,,web:blackshark.ai
Booking.com,Country,,web:booking.com
Emergence.AI,sales,,web:emergence.ai
salesforce.com,dir,,web:salesforce.com
Netmind.ai,us',,web:netmind.ai
Eigent.Ai,exists,,web:eigent.ai
deepsense.ai,us,,web:deepsense.ai
Nace.AI,us,,web:nace.ai
Skan.ai,us,,web:skan.ai
Collov.ai,Us,,web:collov.ai
mbue.ai,EmailEnabled,,web:mbue.ai
Pixocial.com,Us,,web:pixocial.com
gan.ai,ing customers,,web:gan.ai
Gan.ai,ing customers,,web:gan.ai
Okra.ai,the AI Experts,,web:okra.ai
Meteum.AI,us,,web:meteum.ai
Observe.AI,Center AI Software,,web:observe.ai
Stardust.AI,us-card,,web:stardust.ai
IN.AI Research♡,hr,,web:in.ai
Forethought.AI,us,,web:forethought.ai
Openstream.ai,center,,web:openstream.ai
Kata.ai,Point,,web:kata.ai
